ID,Name,Case,Percentage,Remarks,Correct Parameters,False Parameters,Timestamp
f9abf026-8d4b-4815-a226-0ebc9d182644,,,33,Good.,"Request was processed in accordance with existing revenue service SOP, Comments used are appropriate and accurate","Appropriate individuals were contacted for approvals, All information entered was accurate",2024-03-31 18:40:16
9e2c242e-1817-41b8-bfac-65974b118a26,,,17,,Request was miss interpreted/resolved correctly based on the information provided,"Request was processed in accordance with existing revenue service SOP, Comments used are appropriate and accurate",2024-03-31 18:44:18
58b4adba-c8e9-4f19-8bd1-f8989f7c16c9,,5982486,50,Good.,"Appropriate individuals were contacted for approvals, All information entered was accurate, Reqeust was closed accurately","Comments used are appropriate and accurate, Request was miss interpreted/resolved correctly based on the information provided",2024-03-31 18:54:22
10fa5f8c-1025-4d1d-98f5-7f04578686f0,,5982486,0,,,,2024-03-31 19:00:05
2c481280-9afc-4ff0-b95c-7de361b93e90,,5982486,0,,,,2024-03-31 19:01:11
aac44203-1b5b-4665-aba1-ebe8f8c039c0,,5982486,0,,,,2024-03-31 19:01:33
1964cb7d-c9b2-4efc-a494-ae7cb724e5f8,,5982486,0,,,,2024-03-31 19:02:25
19ac2f5f-d3eb-46e7-acc4-dd84eb483574,Shivaansh,5920506,33,,"Request was processed in accordance with existing revenue service SOP, Comments used are appropriate and accurate","Request was miss interpreted/resolved correctly based on the information provided, Appropriate individuals were contacted for approvals, All information entered was accurate, Reqeust was closed accurately",2024-03-31 19:06:20
e9de0e07-e4bf-4d9a-a1c5-afea9ac10a4b,Shivaansh,5920506,17,good,All information entered was accurate,,2024-03-31 19:13:34
1373646f-2233-4c5a-8462-d1b61332baac,Shivaansh,5920506,0,,,,2024-03-31 19:14:59
e34553c9-fa88-4339-be53-648e7ab56c1e,Shivaansh,5920506,17,,Reqeust was closed accurately,,2024-03-31 19:15:06
3e3f6e93-0cc7-4ab6-b221-4522c7fa7be0,Shivaansh,5920506,17,sdfds,All information entered was accurate,Appropriate individuals were contacted for approvals,2024-03-31 19:17:09
